file,name,name_kaytetye,audio,phrases
001_artweye.png,Man,Artweye,001_artweye.mp3,001phrase_artweye.mp3
002_arelhe.png,Woman,Arelhe,002_arelhe.mp3,002phrase_arelhe.mp3
003_mwetekaye.png,Car,Mwetekaye,003_mwetekaye.mp3,003phrase_mwetekaye.mp3
004_mwetekaye_errpatye.png,Bush car,Mwetekaye errpatye,004_mwetekaye_errpatye.mp3,004phrase_mwetekaye_errpatye.mp3
005_marnte.png,Bush bus,Marnte,005_marnte.mp3,005phrase_marnte.mp3
006_pweltye.png,Footy,Pweltye,006_pweltye.mp3,006phrase_pweltye.mp3
007_pantye.png,Swag,Pantye,007_pantye.mp3,007phrase-pantye.mp3
008_mwekarte.png,Hat,Mwekarte,008_mwekarte.mp3,008phrase_mwekarte.mp3
009_ware.png,Fire,Ware,009_ware.mp3,009phrase_ware.mp3
010_arlpe.png,Ashes,Arlpe,010_arlpe.mp3,010phrase_arlpe.mp3
011_tyampete.png,Billy can,Tyampete,011_tyampete.mp3,011phrase_tyampete.mp3
012_apmere.png,Country / place,Apmere,012_apmere.mp3,012phrase_apmere.mp3
013_kayle.png,Boomerang,Kayle,013_kayle.mp3,013phrase_kayle.mp3
014_atneme.png,Digging stick,Atneme,014_atneme.mp3,014phrase_atneme.mp3
015_kalarte.png,Shield,Kalarte,015_kalarte.mp3,015phrase_kalarte.mp3
016_ertntweyane.png,Woman dancing,Ertntweyane,016_ertntweyane.mp3,016phrase_ertntweyane.mp3
017_ltharte.png,Men's dance,Ltharte,017_ltharte.mp3,017phrase_ltharte.mp3
018_artnke.png,Flat-topped hill,Artnke,018_artnke.mp3,
019_anaty-anatye.png,Heart,Anaty-anatye,019_anaty-anatye.mp3,019phrase_anaty-anatye.mp3
020_iterrtyarenge.png,Aboriginal flag,Iterrtyarenge,020_iterrtyarenge.mp3,020phrase_iterrtyarenge.mp3
021_eltye.png,Hand,Eltye,021_eltye.mp3,021phrase_eltye_and_tywekere.mp3
022_nthakenharrerane.png,What's up?,Nthakenhe arrerane? ,022_nthakenharrerane.mp3,022phrase_nthakenharrerane.mp3
023_awenyerrarte.png,One,Awenyerrarte,023_awenyerrarte.mp3,
024_atherre.png,Two,Atherre,024_atherre.mp3,
025_arrkwentye.png,Three,Arrkwentye,025_arrkwentye.mp3,
026_peyakele.png,No,Peyakele,026_peyakele.mp3,026phrase_peyakele.mp3
027_ngayele.png,Hungry,Ngayele,027_ngayele.mp3,027phrase_ngayele.mp3
028_angkewethe.png,Talk,Angkewethe,028_angkewethe.mp3,028phrase_angkewethe.mp3
029_intelhe_anteyane.png,Liar,Ntelhanteyane,029_intelhe_anteyane.mp3,029phrase_intelhe_anteyane.mp3
030_tywekere.png,Dislike,Tywekere,030_tywekere.mp3,030phrase_tywekere.mp3
031_akerlite.png,Quiet,Akerlite,031_akerlite.mp3,031phrase_akerlite.mp3
032_rlengke.png,Today,Rlengke,032_rlengke.mp3,032phrase_rlengke.mp3
033_arlweye.png,Father,Arlweye,033_arlweye.mp3,033phrase_arlweye.mpe
034_kakeye.png,Older brother,Kakeye,034_kakeye.mp3,034phrase_kakeye.mp3
035_tyatye.png,Mother's father,"Tyatye, tyewarleye",035_tyatye.mp3,035phrase_tyatye_tyewarleye.mp3
036_atyerreye.png,Younger sibling,Atyerreye,036_atyerreye.mp3,036phrase_atyerreye.mp3
037_artwaleye.png,"Nephew, niece",Artwaleye,037_artwaleye.mp3,037phrase_artwaleye.mp3
038_altyeleye.png,Female cousin,Altyeleye,038_altyeleye.mp3,038phrase_altyeleye.mp3
039_mpwerneye.png,"Spouse, Brother-in-law",Mpwerneye,039_mpwerneye.mp3,039phrase_mpwerneye.mp3
040_nyanye.png,Mother's mother,Nyanye,040_nyanye.mp3,040phrase_nyanye.mp3
041-alelawe.png,Wait,Alelawe,041_alelawe.mp3,041phrase_alelawe.mp3
042_rlwaylpe.png,Kudaitcha,Rlwaylpe,042_rlwaylpe.mp3,
043_eltyemwerneye.png,Policeman,Eltyemwerneye,043_eltyemwerneye.mp3,043phrase_eltyemwerneye.mp3
044_aherne.png,Handful of dirt,Aherne,044_aherne.mp3,044phrase_aherne.mp3
045_angketye_amperlanteyane.png,Footprints,Angketye amperlanteyane,045_angketye_amperlanteyane.mp3,045phrase_angketye_amperlanteyane.mp3
046_aherre_amperlanenhe.png,Kangaroo tracks,Aherre amperlanenhe,046_aherre_amperlanenhe.mp3,046phrase_aherre_amperlanenhe.mp3
047_anteyanenke.png,People sitting,Anteyanenke,047_anteyanenke.mp3,047phrase_anteyanenke.mp3
048_arntwe.png,Rain,Arntwe,048_arntwe.mp3,048phrase_arntwe.mp3
,Moon,Arelpe,049_arelpe.mp3,
050_aherrke.png,Sun,Aherrke,050_aherrke.mp3,050phrase_aherrke.mp3
051_mataye.png,Cloud,Mataye,051_mataye.mp3,051phrase_mataye.mp3
052_ngentye.png,Soakage,Ngentye,052_ngentye.mp3,
053_kwerralye_erltwe.png,Morning star,Kwerralye erltwe,053_kwerralye_erltwe.mp3,053phrase_kwerralye_erltwe.mp3
054_mwererre.png,Milky way,Mwererre,054_mwererre.mp3,054phrase_mwererre.mp3
055_enterrke.png,Seven Sisters ,Enterrke,055_enterrke.mp3,055phrase_enterrke.mp3
056_angketye_amperrane.png,Burning foot,Angketye amperrane,056_angketye_amperrane.mp3,056phrase_angketye_amperrane.mp3
057_awerantyerrnge.png,Whirly wind,Awerantyerrnge,057_awerantyerrnge.mp3,057phrase_awerantyerrnge.pm3
058_alenye.png,Running water,Alenye,058_alenye.mp3,058phrase_alenye.mp3
059_ngwetyanpe.png,Morning,Ngwetyanpe,059_ngwetyanpe.mp3,059phrase_ngwetyanpe.mp3
060_artenyele.png,Midday ,Artenyele,060_artenyele.mp3,060phrase_artenyele.mp3
061_atwerrpe.png,Late afternoon,Atwerrpe,061_atwerrpe.mp3,061phrase_atwerrpe.mp3
062_atnkwarengele.png,Night-time,Atnkwarengele,062_atnkwarengele.mp3,062phrase_atnkwarengele.mp3
063_kantye.png,Kangaroo tail,Kantye,063_kantye.mp3,063phrase_kantye.mp3
064_ahakeye.png,Native Currant,Ahakeye,064_ahakeye.mp3,064phrase_ahakeye.mp3
065_anatye.png,Yam,Anatye,065_anatye.mp3,065phrase_anatye.mp3
066_ankwerleye.png,Bush plum,Ankwerleye,066_ankwerleye.mp3,066phrase_ankwerleye.mp3
067_ntyerrme.png,Dogwood seeds,Ntyerrme,067_ntyerrme.mp3,067phrase_ntyerrme.mp3
068_alwerre.png,Split-jack,Alwerre,068_alwerre.mp3,068phrase_alwerre.mp3
069_Katyerre_Arlkerre.png,Bush tomato,Katyerre arlkerre,069_Katyerre_Arlkerre.mp3,069phrase_katyerre_arlkerre.mp3
070_ilelkennge.png,Sandover Lily,Ilelkennge,070_ilelkennge.mp3,
071_atwakeye.png,Wild Orange,Atwakeye,071_atwakeye.mp3,071phrase_atwakeye.mp3
072_yerrakwerre.png,Bush onion,Yerrakwerre ,072_yerrakwerre.mp3,072phrase_yerrakwerre.mp3
073_tyanywenge.png,Tobacco,Tyanywenge,073_tyanywenge.mp3,073phrase_tyanywenge.mp3
074_apmwe.png,Snake,Apmwe,074_apmwe.mp3,074phrase_apmwe.mp3
075_arinenge.png,Euro,Arinenge,075_arinenge.mp3,075phrase_arinenge.mp3
076_yerrampe.png,Honey ant,Yerrampe,076_yerrampe.mp3,076phrase_yerrampe.mp3
077_arlpatye.png,Ringneck parrot,Arlpatye,077_arlpatye.mp3,077phrase_arlpatye.mp3
078_arnkerrthe.png,Thorny Devil,Arnkerrthe,078_arnkerrthe.mp3,078phrase_arnkerrthe.mp3
079_wampere.png,Possum,Wampere,079_wampere.mp3,079phrase_wampere.mp3
080_artnangke.png,Bilby,Artnangke,080_artnangke.mp3,080phrase_artnangke.mp3
081_ilere.png,Curlew,Ilere,081_ilere.mp3,081phrase_ilere.mp3
082_ayepayte.png,Caterpillar,Ayepayte,082_ayepayte.mp3,082phrase_ayepayte.mp3
083_entelyapelyape.png,Butterfly,Entelyapelyape,083_entelyapelyape.mp3,083phrase_entelyapelyape.mp3
084_enwenengke.png,Tawny Frogmouth,Enwenengke,084_enwenengke.mp3,084phrase_enwenengke.mp3
085_rrpwere.png,Magpie / Butcherbird,Rrpwere,085_rrpwere.mp3,085phrase_rrpwere.mp3
086_atnhelengkwe.png,Emu,Atnhelengkwe,086_atnhelengkwe.mp3,086phrase_atnhelengkwe.mp3
087_pwelerrnge.png,Boobook Owl,Pwelerrnge,087_pwelerrnge.mp3,087phrase_pwelerrnge.mp3
088_kangkere.png,Bluetongue Lizard,Kangkere,088_kangkere.mp3,088phrase_kangkere.mp3
089_kelelkelelke.png,Galah,Kelelkelelke,089_kelelkelelke.mp3,089phrase_kelelkelelke.mp3
090_lyerre-lyerre.png,Fairy-wren,Lyerre-lyerre,090_lyerre-lyerre.mp3,090phrase_lyerre-lyerre.mp3
091_atyerte.png,Spotted Quoll,Atyerte,091_atyerte.mp3,091phrase_atyerte.mp3
092_atywetnpe.png,Perentie,Atywetnpe,092_atywetnpe.mp3,092phrase_atywetnpe.mp3
093_ilpertenye.png,Wedge-tailed Eagle,Ilpertenye,093_ilpertenye.mp3,093phrase_ilpertenye.mp3
094_mangwe.png,Cat,Mangwe,094_mangwe.mp3,
095_mantharre.png,Death Adder,Mantharre,095_mantharre.mp3,095phrase_mantharre.mp3
096_aleke.png,Dog,Aleke,096_aleke.mp3,096phrase_aleke.mp3
097_aleke_awelengke.png,Cheeky dog,Aleke awelengke,097_aleke_awelengke.mp3,097phrase_aleke_awelengke.mp3
098_mpwenyarrerane.png,In love,Mpwenyarrerane,098_mpwenyarrerane.mp3,098phrase_mpwenyarrerane.mp3
099_rrkantarrerane.png,Laugh,Rrkantarrerane,099_rrkantarrerane.mp3,099phrase_rrkantarrerane.mp3
100_etarreranenke.png,Thinking,Etarreranenke,100_etarreranenke.mp3,100phrase_etarreranenke.mp3
101_ipmarrerantyenke.png,Swearing,Ipmarrerantyenke,101_ipmarrerantyenke.mp3,101phrase_ipmarrerantyenke.mp3
102_athamarrenke.png,Sad,Athamarrenke,102_athamarrenke.mp3,102phrase_athamarrenke.mp3
103_ngangkaye.png,Healer,Ngangkaye,103_ngangkaye.mp3,103phrase_ngangkaye.mp3
104_arntetye.png,Sick,Arntetye,104_arntetye.mp3,104phrase_arntetye.mp3
105_ngkwelty-arenye .png,Money-hungry,Ngkwelty-arenye ,105_ngkwelty-arenye .mp3,105phrase_agkwelty-arenye .mp3
106_pwerrketnherrantye.png,Snoring ,Pwerrketnherrantye,106_pwerrketnherrantye.mp3,106phrase_pwerrketnherrantye.mp3
107_erlkwetharrerane.png,Spew,Erlkwetharrerane,107_erlkwetharrerane.mp3,107phrase_erlkwetharrerane.mp3
108_artnweyenenke.png,In pain,Artnweyenenke,108_artnweyenenke.mp3,108phrase_artnweyenenke.mp3
109_akarntetye.png,Headache,Akarntetye,109_akarntetye.mp3,109phrase_akarntetye.mp3
110_akngwe.png,Mad,Akngwe,110_akngwe.mp3,110phrase_akngwe.mp3
111_awelengke.png,Angry,Awelengke,111_awelengke.mp3,111phrase_awelengke.mp3
112_althere_arrerane.png,Homesick,Althere arrerane,112_althere_arrerane.mp3,112phrase_althere_arrerane.mp3
